SOL_ID,PROCEDURE,START_TIME,END_TIME,EXECUTION_SECONDS,STATUS,ERROR_DETAILS
0006,RC003,28-05-2025 17:17:03,28-05-2025 17:17:04,0.349,SUCCESS,-
0007,RC001,28-05-2025 17:17:03,28-05-2025 17:17:04,0.352,SUCCESS,-
0010,RC001,28-05-2025 17:17:03,28-05-2025 17:17:04,0.353,SUCCESS,-
0007,RC005,28-05-2025 17:17:03,28-05-2025 17:17:04,0.353,SUCCESS,-
0010,RC002,28-05-2025 17:17:03,28-05-2025 17:17:04,0.354,SUCCESS,-
0004,RC005,28-05-2025 17:17:03,28-05-2025 17:17:04,0.354,SUCCESS,-
0009,RC005,28-05-2025 17:17:03,28-05-2025 17:17:04,0.354,SUCCESS,-
0007,RC003,28-05-2025 17:17:03,28-05-2025 17:17:04,0.357,SUCCESS,-
0007,RC006,28-05-2025 17:17:04,28-05-2025 17:17:04,0.006,SUCCESS,-
0003,RC003,28-05-2025 17:17:03,28-05-2025 17:17:04,0.358,SUCCESS,-
0008,RC001,28-05-2025 17:17:03,28-05-2025 17:17:04,0.359,SUCCESS,-
0002,RC001,28-05-2025 17:17:03,28-05-2025 17:17:04,0.353,SUCCESS,-
0008,RC003,28-05-2025 17:17:03,28-05-2025 17:17:04,0.361,SUCCESS,-
0006,RC005,28-05-2025 17:17:03,28-05-2025 17:17:04,0.364,SUCCESS,-
0009,RC001,28-05-2025 17:17:03,28-05-2025 17:17:04,0.364,SUCCESS,-
0010,RC005,28-05-2025 17:17:03,28-05-2025 17:17:04,0.364,SUCCESS,-
0010,RC006,28-05-2025 17:17:04,28-05-2025 17:17:04,0.011,SUCCESS,-
0001,RC001,28-05-2025 17:17:03,28-05-2025 17:17:04,0.365,SUCCESS,-
0010,RC008,28-05-2025 17:17:04,28-05-2025 17:17:04,0.011,SUCCESS,-
0010,RC003,28-05-2025 17:17:03,28-05-2025 17:17:04,0.365,SUCCESS,-
0006,RC001,28-05-2025 17:17:03,28-05-2025 17:17:04,0.365,SUCCESS,-
0004,RC003,28-05-2025 17:17:03,28-05-2025 17:17:04,0.365,SUCCESS,-
0009,RC006,28-05-2025 17:17:04,28-05-2025 17:17:04,0.010,SUCCESS,-
0006,RC006,28-05-2025 17:17:04,28-05-2025 17:17:04,0.014,SUCCESS,-
0005,RC002,28-05-2025 17:17:03,28-05-2025 17:17:04,0.367,SUCCESS,-
0008,RC008,28-05-2025 17:17:04,28-05-2025 17:17:04,0.007,SUCCESS,-
0003,RC002,28-05-2025 17:17:03,28-05-2025 17:17:04,0.368,SUCCESS,-
0009,RC008,28-05-2025 17:17:04,28-05-2025 17:17:04,0.006,SUCCESS,-
0004,RC002,28-05-2025 17:17:03,28-05-2025 17:17:04,0.370,SUCCESS,-
0007,RC008,28-05-2025 17:17:04,28-05-2025 17:17:04,0.017,SUCCESS,-
0008,RC005,28-05-2025 17:17:03,28-05-2025 17:17:04,0.371,SUCCESS,-
0004,RC006,28-05-2025 17:17:04,28-05-2025 17:17:04,0.017,SUCCESS,-
0008,RC006,28-05-2025 17:17:04,28-05-2025 17:17:04,0.014,SUCCESS,-
0001,RC005,28-05-2025 17:17:03,28-05-2025 17:17:04,0.373,SUCCESS,-
0003,RC005,28-05-2025 17:17:03,28-05-2025 17:17:04,0.373,SUCCESS,-
0005,RC006,28-05-2025 17:17:04,28-05-2025 17:17:04,0.006,SUCCESS,-
0002,RC005,28-05-2025 17:17:03,28-05-2025 17:17:04,0.365,SUCCESS,-
0002,RC006,28-05-2025 17:17:04,28-05-2025 17:17:04,0.014,SUCCESS,-
0003,RC001,28-05-2025 17:17:03,28-05-2025 17:17:04,0.373,SUCCESS,-
0003,RC006,28-05-2025 17:17:04,28-05-2025 17:17:04,0.015,SUCCESS,-
0007,RC009,28-05-2025 17:17:04,28-05-2025 17:17:04,0.017,SUCCESS,-
0002,RC002,28-05-2025 17:17:03,28-05-2025 17:17:04,0.366,SUCCESS,-
0005,RC001,28-05-2025 17:17:03,28-05-2025 17:17:04,0.373,SUCCESS,-
0009,RC003,28-05-2025 17:17:03,28-05-2025 17:17:04,0.374,SUCCESS,-
0005,RC003,28-05-2025 17:17:03,28-05-2025 17:17:04,0.373,SUCCESS,-
0006,RC008,28-05-2025 17:17:04,28-05-2025 17:17:04,0.013,SUCCESS,-
0006,RC009,28-05-2025 17:17:04,28-05-2025 17:17:04,0.012,SUCCESS,-
0010,RC009,28-05-2025 17:17:04,28-05-2025 17:17:04,0.013,SUCCESS,-
0008,RC002,28-05-2025 17:17:03,28-05-2025 17:17:04,0.377,SUCCESS,-
0001,RC002,28-05-2025 17:17:03,28-05-2025 17:17:04,0.377,SUCCESS,-
0001,RC006,28-05-2025 17:17:04,28-05-2025 17:17:04,0.012,SUCCESS,-
0007,RC002,28-05-2025 17:17:03,28-05-2025 17:17:04,0.377,SUCCESS,-
0004,RC008,28-05-2025 17:17:04,28-05-2025 17:17:04,0.012,SUCCESS,-
0001,RC003,28-05-2025 17:17:03,28-05-2025 17:17:04,0.377,SUCCESS,-
0004,RC009,28-05-2025 17:17:04,28-05-2025 17:17:04,0.007,SUCCESS,-
0009,RC009,28-05-2025 17:17:04,28-05-2025 17:17:04,0.012,SUCCESS,-
0004,RC001,28-05-2025 17:17:03,28-05-2025 17:17:04,0.377,SUCCESS,-
0002,RC003,28-05-2025 17:17:03,28-05-2025 17:17:04,0.373,SUCCESS,-
0005,RC008,28-05-2025 17:17:04,28-05-2025 17:17:04,0.007,SUCCESS,-
0008,RC009,28-05-2025 17:17:04,28-05-2025 17:17:04,0.012,SUCCESS,-
0005,RC009,28-05-2025 17:17:04,28-05-2025 17:17:04,0.007,SUCCESS,-
0005,RC005,28-05-2025 17:17:03,28-05-2025 17:17:04,0.380,SUCCESS,-
0002,RC008,28-05-2025 17:17:04,28-05-2025 17:17:04,0.007,SUCCESS,-
0003,RC008,28-05-2025 17:17:04,28-05-2025 17:17:04,0.012,SUCCESS,-
0001,RC008,28-05-2025 17:17:04,28-05-2025 17:17:04,0.007,SUCCESS,-
0002,RC009,28-05-2025 17:17:04,28-05-2025 17:17:04,0.007,SUCCESS,-
0006,RC002,28-05-2025 17:17:03,28-05-2025 17:17:04,0.381,SUCCESS,-
0003,RC009,28-05-2025 17:17:04,28-05-2025 17:17:04,0.007,SUCCESS,-
0011,RC001,28-05-2025 17:17:04,28-05-2025 17:17:04,0.005,SUCCESS,-
0013,RC001,28-05-2025 17:17:04,28-05-2025 17:17:04,0.005,SUCCESS,-
0013,RC003,28-05-2025 17:17:04,28-05-2025 17:17:04,0.005,SUCCESS,-
0011,RC005,28-05-2025 17:17:04,28-05-2025 17:17:04,0.006,SUCCESS,-
0001,RC009,28-05-2025 17:17:04,28-05-2025 17:17:04,0.007,SUCCESS,-
0011,RC002,28-05-2025 17:17:04,28-05-2025 17:17:04,0.007,SUCCESS,-
0012,RC001,28-05-2025 17:17:04,28-05-2025 17:17:04,0.007,SUCCESS,-
0013,RC005,28-05-2025 17:17:04,28-05-2025 17:17:04,0.008,SUCCESS,-
0012,RC003,28-05-2025 17:17:04,28-05-2025 17:17:04,0.008,SUCCESS,-
0012,RC002,28-05-2025 17:17:04,28-05-2025 17:17:04,0.008,SUCCESS,-
0012,RC005,28-05-2025 17:17:04,28-05-2025 17:17:04,0.009,SUCCESS,-
0011,RC003,28-05-2025 17:17:04,28-05-2025 17:17:04,0.009,SUCCESS,-
0015,RC001,28-05-2025 17:17:04,28-05-2025 17:17:04,0.010,SUCCESS,-
0015,RC003,28-05-2025 17:17:04,28-05-2025 17:17:04,0.010,SUCCESS,-
0015,RC005,28-05-2025 17:17:04,28-05-2025 17:17:04,0.010,SUCCESS,-
0016,RC005,28-05-2025 17:17:04,28-05-2025 17:17:04,0.009,SUCCESS,-
0014,RC001,28-05-2025 17:17:04,28-05-2025 17:17:04,0.010,SUCCESS,-
0013,RC002,28-05-2025 17:17:04,28-05-2025 17:17:04,0.013,SUCCESS,-
0014,RC002,28-05-2025 17:17:04,28-05-2025 17:17:04,0.010,SUCCESS,-
0018,RC001,28-05-2025 17:17:04,28-05-2025 17:17:04,0.010,SUCCESS,-
0015,RC002,28-05-2025 17:17:04,28-05-2025 17:17:04,0.010,SUCCESS,-
0014,RC003,28-05-2025 17:17:04,28-05-2025 17:17:04,0.009,SUCCESS,-
0018,RC005,28-05-2025 17:17:04,28-05-2025 17:17:04,0.009,SUCCESS,-
0016,RC001,28-05-2025 17:17:04,28-05-2025 17:17:04,0.010,SUCCESS,-
0014,RC005,28-05-2025 17:17:04,28-05-2025 17:17:04,0.010,SUCCESS,-
0019,RC002,28-05-2025 17:17:04,28-05-2025 17:17:04,0.009,SUCCESS,-
0016,RC002,28-05-2025 17:17:04,28-05-2025 17:17:04,0.012,SUCCESS,-
0012,RC006,28-05-2025 17:17:04,28-05-2025 17:17:04,0.009,SUCCESS,-
0019,RC001,28-05-2025 17:17:04,28-05-2025 17:17:04,0.009,SUCCESS,-
0012,RC008,28-05-2025 17:17:04,28-05-2025 17:17:04,0.008,SUCCESS,-
0019,RC003,28-05-2025 17:17:04,28-05-2025 17:17:04,0.009,SUCCESS,-
0017,RC001,28-05-2025 17:17:04,28-05-2025 17:17:04,0.012,SUCCESS,-
0019,RC005,28-05-2025 17:17:04,28-05-2025 17:17:04,0.009,SUCCESS,-
0018,RC003,28-05-2025 17:17:04,28-05-2025 17:17:04,0.012,SUCCESS,-
0011,RC006,28-05-2025 17:17:04,28-05-2025 17:17:04,0.011,SUCCESS,-
0013,RC009,28-05-2025 17:17:04,28-05-2025 17:17:04,0.008,SUCCESS,-
0009,RC002,28-05-2025 17:17:03,28-05-2025 17:17:04,0.393,SUCCESS,-
0017,RC002,28-05-2025 17:17:04,28-05-2025 17:17:04,0.012,SUCCESS,-
0017,RC005,28-05-2025 17:17:04,28-05-2025 17:17:04,0.012,SUCCESS,-
0013,RC008,28-05-2025 17:17:04,28-05-2025 17:17:04,0.011,SUCCESS,-
0017,RC003,28-05-2025 17:17:04,28-05-2025 17:17:04,0.012,SUCCESS,-
0018,RC002,28-05-2025 17:17:04,28-05-2025 17:17:04,0.012,SUCCESS,-
0013,RC006,28-05-2025 17:17:04,28-05-2025 17:17:04,0.011,SUCCESS,-
0016,RC003,28-05-2025 17:17:04,28-05-2025 17:17:04,0.012,SUCCESS,-
0012,RC009,28-05-2025 17:17:04,28-05-2025 17:17:04,0.008,SUCCESS,-
0011,RC008,28-05-2025 17:17:04,28-05-2025 17:17:04,0.010,SUCCESS,-
0011,RC009,28-05-2025 17:17:04,28-05-2025 17:17:04,0.009,SUCCESS,-
0016,RC008,28-05-2025 17:17:04,28-05-2025 17:17:04,0.006,SUCCESS,-
0015,RC006,28-05-2025 17:17:04,28-05-2025 17:17:04,0.006,SUCCESS,-
0015,RC009,28-05-2025 17:17:04,28-05-2025 17:17:04,0.006,SUCCESS,-
0014,RC006,28-05-2025 17:17:04,28-05-2025 17:17:04,0.006,SUCCESS,-
0018,RC008,28-05-2025 17:17:04,28-05-2025 17:17:04,0.006,SUCCESS,-
0015,RC008,28-05-2025 17:17:04,28-05-2025 17:17:04,0.006,SUCCESS,-
0016,RC006,28-05-2025 17:17:04,28-05-2025 17:17:04,0.006,SUCCESS,-
0018,RC006,28-05-2025 17:17:04,28-05-2025 17:17:04,0.006,SUCCESS,-
0014,RC008,28-05-2025 17:17:04,28-05-2025 17:17:04,0.006,SUCCESS,-
0014,RC009,28-05-2025 17:17:04,28-05-2025 17:17:04,0.006,SUCCESS,-
0020,RC005,28-05-2025 17:17:04,28-05-2025 17:17:04,0.006,SUCCESS,-
0018,RC009,28-05-2025 17:17:04,28-05-2025 17:17:04,0.006,SUCCESS,-
0020,RC002,28-05-2025 17:17:04,28-05-2025 17:17:04,0.006,SUCCESS,-
0017,RC009,28-05-2025 17:17:04,28-05-2025 17:17:04,0.006,SUCCESS,-
0020,RC003,28-05-2025 17:17:04,28-05-2025 17:17:04,0.006,SUCCESS,-
0019,RC009,28-05-2025 17:17:04,28-05-2025 17:17:04,0.006,SUCCESS,-
0017,RC008,28-05-2025 17:17:04,28-05-2025 17:17:04,0.006,SUCCESS,-
0019,RC008,28-05-2025 17:17:04,28-05-2025 17:17:04,0.006,SUCCESS,-
0017,RC006,28-05-2025 17:17:04,28-05-2025 17:17:04,0.006,SUCCESS,-
0020,RC001,28-05-2025 17:17:04,28-05-2025 17:17:04,0.006,SUCCESS,-
0019,RC006,28-05-2025 17:17:04,28-05-2025 17:17:04,0.006,SUCCESS,-
0016,RC009,28-05-2025 17:17:04,28-05-2025 17:17:04,0.006,SUCCESS,-
0020,RC009,28-05-2025 17:17:04,28-05-2025 17:17:04,0.002,SUCCESS,-
0020,RC006,28-05-2025 17:17:04,28-05-2025 17:17:04,0.003,SUCCESS,-
0020,RC008,28-05-2025 17:17:04,28-05-2025 17:17:04,0.004,SUCCESS,-
